ID,First Name,Last Name,DOB,SSN,State
232,John,Mathews,02/241991,***-**-9165,ND
533,Nathan,Moore,11/191978,***-**-7469,ME
256,Amanda,Douglas,01/081990,***-**-6961,ID
189,Heather,Andrews,08/111976,***-**-1797,VT
284,Daniel,Hernandez,07/221976,***-**-7473,CO
512,Danny,Pena,01/311978,***-**-9878,MN
126,Gary,Knight,03/081994,***-**-1242,AR
556,Robin,Carroll,10/141972,***-**-7194,CA
595,Michelle,Dickerson,02/081984,***-**-2817,TN
191,Kimberly,Gallegos,08/051972,***-**-7563,OR
55,Morgan,Parker,01/301986,***-**-4320,TN
623,Mason,Rhodes,01/281977,***-**-4767,MD
426,Amy,Griffin,02/181973,***-**-1946,MA
535,Danielle,House,04/161975,***-**-9308,ME
399,Charles,Greene,11/281992,***-**-2935,KY
33,Nicholas,Martinez,04/051979,***-**-1689,LA
302,Tracey,Meadows,01/121988,***-**-6175,RI
325,Renee,Evans,03/141991,***-**-2708,MT
188,Joseph,Estrada,03/291984,***-**-2571,PA
184,Jeremy,Warner,10/201987,***-**-1184,AL
526,Anthony,Rodriguez,02/091983,***-**-3865,ID
85,Kristen,Lopez,01/021978,***-**-8194,VA
171,Mark,Mcdonald,06/271984,***-**-0101,MT
74,Robert,Freeman,01/011984,***-**-5211,AR
69,Michael,Reynolds,10/301994,***-**-8507,CA
365,Kristine,Little,07/101974,***-**-1771,SD
149,April,Barnes,02/151983,***-**-3288,RI
218,Pamela,Hodges,02/191989,***-**-1423,UT
647,Ronald,Gilbert,05/261974,***-**-4448,WY
518,Thomas,Cooper,08/171972,***-**-9890,CO
12,Dakota,Harrington,08/241972,***-**-7188,VA
622,Jennifer,Porter,01/201991,***-**-5572,WI
159,Beverly,Jordan,08/151986,***-**-3762,NM
394,Mark,Brown,04/021975,***-**-8531,CA
158,Amy,Ford,06/051974,***-**-6461,NC
446,Benjamin,King,05/071973,***-**-8165,RI
352,Stephen,Bryant,05/151991,***-**-6488,SD
598,Brandi,Williams,10/151989,***-**-8500,MD
505,Ashley,Hutchinson,04/261994,***-**-1510,SC
173,Alisha,Pacheco,01/131982,***-**-2496,MI
84,Robert,Campbell,02/271973,***-**-9581,SD
406,Sandra,Sanders,10/061980,***-**-1673,RI
164,Katherine,Hensley,05/291991,***-**-7226,CT
267,Stacy,Cox,11/081976,***-**-0990,AL
503,Frank,Barton,06/101993,***-**-5568,MA
295,Shannon,Kramer,05/041980,***-**-7615,SC
590,Brenda,James,12/311977,***-**-3251,HI
97,Paula,Edwards,08/101988,***-**-0638,KS
3,Jennifer,Rowe,09/161980,***-**-9014,NY
20,David,Foster,01/091990,***-**-6956,MO
179,William,Boyle,01/301988,***-**-0490,AR
86,Christopher,Greene,05/291972,***-**-8446,ID
219,Matthew,Fuller,04/271980,***-**-2989,MS
237,Gabriela,Nguyen,12/171981,***-**-3729,WA
96,Allison,Diaz,03/251994,***-**-8927,AR
22,Isaac,Jordan,05/061986,***-**-0520,TX
439,Cheryl,Bailey,10/311991,***-**-1224,NC
146,Julie,Castillo,02/161988,***-**-4523,AK
271,Michael,Adams,12/101986,***-**-3927,FL
103,Melinda,Parsons,02/071986,***-**-8751,NE
540,Robert,Campbell,01/171987,***-**-3694,DE
144,Julie,Nelson,08/081994,***-**-1332,SD
594,Steven,Nelson,04/141989,***-**-2085,VT
176,Hailey,Lynn,03/251973,***-**-9488,CA
198,Dillon,Nguyen,05/261978,***-**-4552,IL
433,Hannah,Miller,10/181973,***-**-4657,NY
274,Jeffrey,Harris,05/251994,***-**-4763,KY
6,Daniel,Welch,08/081982,***-**-6950,IL
452,Bryan,Jackson,09/081982,***-**-8117,MD
23,Denise,George,09/071990,***-**-4879,WI
373,Alicia,Carney,09/101989,***-**-9437,OH
374,William,Peters,03/201986,***-**-7516,KY
200,Dustin,Drake,09/171993,***-**-5454,WV
428,Jessica,Thornton,01/031983,***-**-2381,KS
116,Rebecca,Wilson,06/081980,***-**-6629,MI
418,Katherine,Lane,11/011986,***-**-6820,NH
9,Sarah,Harper,07/271993,***-**-5891,AK
230,Jermaine,Hill,09/111988,***-**-5479,NJ
502,Michael,Marshall,04/051990,***-**-5125,MI
632,Kirsten,Mcbride,09/101973,***-**-2372,IA
112,Rachael,Holmes,07/301973,***-**-2067,GA
422,Leon,Foster,09/191975,***-**-3153,SC
131,David,Mcclain,08/021976,***-**-5430,OH
404,Emily,Lawrence,11/241991,***-**-1991,TN
504,Troy,Booth,12/271990,***-**-5141,TN
194,Stephanie,Ho,04/251983,***-**-3656,KS
567,Michele,Hendricks,03/101990,***-**-7341,MS
253,Eric,Harper,11/121986,***-**-2860,NV
407,Jonathan,Gomez,06/051993,***-**-4727,SD
82,Kevin,Garcia,11/251977,***-**-4722,NV
429,Howard,Lawson,04/131984,***-**-7664,MI
78,Stacy,Robertson,09/241974,***-**-0248,WY
167,John,Beck,07/271985,***-**-3635,AR
484,Julia,Morgan,03/181976,***-**-1731,WI
60,Allen,Leon,04/061975,***-**-9089,MI
400,James,Rios,03/041978,***-**-3987,ID
34,Ralph,Wells,10/191988,***-**-4237,KS
596,Megan,Chavez,10/081991,***-**-7659,CT
279,Ashley,Patrick,06/071974,***-**-0763,WY
466,Bonnie,Bowen,11/071993,***-**-5889,ID
327,Andrew,Lawson,04/051982,***-**-7313,MT
382,Tonya,Chavez,04/171984,***-**-5703,MT
369,Michelle,Larson,03/201980,***-**-3866,FL
347,Mark,Garrett,09/181985,***-**-4408,WY
25,Chelsea,Rivera,06/211987,***-**-0140,NH
317,Amanda,Krause,11/061977,***-**-4744,IL
321,Paige,Spencer,09/021991,***-**-8621,NY
193,Rhonda,Gonzales,06/071976,***-**-4110,ID
606,Jasmine,Kelly,06/301979,***-**-3251,MN
123,Amy,Sherman,08/041973,***-**-6029,NJ
566,David,Arroyo,04/161975,***-**-9403,FL
409,Robert,Lin,11/121975,***-**-0121,AZ
265,Paul,Wilson,06/191993,***-**-9871,IA
490,Paul,Meyers,03/131989,***-**-1680,HI
311,Jessica,Elliott,06/041978,***-**-1632,OH
537,Anthony,Richmond,10/051989,***-**-8935,AR
147,William,Rivera,03/081975,***-**-7032,SD
304,Sheri,Villegas,02/131985,***-**-8629,OR
472,Kelly,Hopkins,10/081984,***-**-6875,HI
348,Darren,Farrell,05/241991,***-**-5885,CA
91,Darlene,Harmon,05/051980,***-**-3052,WV
410,Rachel,Lyons,08/291972,***-**-0900,ME
344,David,Jacobs,02/281982,***-**-3682,FL
419,Christina,Weeks,10/151972,***-**-2028,PA
1,Andrea,Anderson,11/121984,***-**-5650,CT
532,Jennifer,Smith,01/311989,***-**-1748,GA
107,Shirley,Andrews,12/071981,***-**-5306,OH
166,Adrian,Rivera,02/131973,***-**-5638,MA
391,George,Mckinney,02/041984,***-**-7748,UT
67,Hailey,Boyd,11/171980,***-**-0270,NY
447,Tiffany,Harris,01/121983,***-**-9733,WV
653,Mary,Hunter,11/011977,***-**-6623,TX
294,Robert,Edwards,04/071980,***-**-5215,GA
416,Barbara,Lambert,09/071979,***-**-5353,ID
185,Angela,Armstrong,03/221990,***-**-2446,NY
637,Brett,Ward,09/271979,***-**-0204,MN
333,Troy,Sanchez,11/151990,***-**-2052,OK
579,Garrett,Carter,09/261988,***-**-7246,CA
215,James,Reeves,01/311988,***-**-1620,IN
152,Mary,Baker,07/081979,***-**-0954,MI
301,Alexandra,Bradley,06/131980,***-**-9390,AL
572,Aaron,James,03/251974,***-**-4596,OR
165,Thomas,Wood,08/211979,***-**-8269,TN
639,Charlene,Jackson,10/281989,***-**-8809,WY
405,Mary,Robbins,12/011975,***-**-9514,FL
390,Kayla,Washington,10/081985,***-**-6218,CT
641,Kimberly,Knapp,11/231992,***-**-1122,CO
51,Nicholas,Brown,09/181988,***-**-2869,SC
421,Rebecca,Marshall,05/061974,***-**-1020,PA
106,Mark,Smith,07/071979,***-**-5381,ND
379,Adam,Harrell,10/181981,***-**-0742,WV
76,Steve,Daniels,09/141980,***-**-3537,CO
68,Victoria,Potter,03/251988,***-**-4290,UT
118,Kathy,Preston,03/061990,***-**-9960,LA
127,Michael,Donaldson,01/011995,***-**-7624,CA
542,Brian,Bridges,02/221976,***-**-4546,MN
181,Martha,Gonzalez,01/171981,***-**-8342,KS
111,Paul,Rogers,01/101992,***-**-6284,MT
481,Dawn,Galvan,09/031989,***-**-8058,TN
568,Amber,West,01/191978,***-**-7363,ND
395,Christopher,Guerrero,01/291983,***-**-4036,WY
345,Stacy,Brooks,06/171991,***-**-4661,SC
438,Danielle,Kaiser,08/211975,***-**-9764,AL
403,Taylor,Boyle,09/261979,***-**-9756,MD
180,Donna,Howard,12/161978,***-**-3416,CA
616,Anne,Rios,11/261974,***-**-6513,HI
56,Theresa,Barnes,09/281976,***-**-2054,CT
153,Lori,Tate,03/081977,***-**-9123,NM
551,Alexandria,Baker,11/021974,***-**-3200,NV
135,Stephen,Hensley,09/301978,***-**-5372,GA
500,Jennifer,Fischer,11/191983,***-**-5609,UT
24,Pamela,Robinson,02/211981,***-**-4275,NM
81,Brendan,Gonzalez,08/021991,***-**-9993,SC
50,Richard,Turner,12/241982,***-**-9924,TN
328,Michael,Robinson,10/221973,***-**-2355,IL
402,Patricia,Sharp,07/131987,***-**-0306,MD
255,Elizabeth,Avila,03/151977,***-**-8453,NH
413,Christopher,Martinez,12/281978,***-**-8774,CT
507,Isaac,Woods,03/201984,***-**-6227,AK
62,Adriana,Wolf,10/171994,***-**-1702,OR
150,David,Pearson,06/141982,***-**-1781,AL
109,Matthew,Kramer,05/141988,***-**-4860,RI
310,Pamela,Archer,10/251987,***-**-2625,WV
243,Charles,Stout,12/051976,***-**-1997,KS
72,Daniel,Boyd,07/181978,***-**-1220,NY
608,Jimmy,Jones,02/191973,***-**-2030,MA
19,Rebecca,Hammond,02/211972,***-**-2706,LA
30,Emily,Diaz,12/041986,***-**-9174,AK
119,Chad,Wise,11/101988,***-**-1355,CO
162,Todd,Duran,01/141976,***-**-1832,KY
199,Brian,Mclaughlin,09/211987,***-**-2876,PA
187,Katherine,Rogers,05/131988,***-**-9500,ME
102,Joseph,Adams,01/181979,***-**-7778,WI
385,David,Lowery,10/211987,***-**-7963,UT
626,Janice,Young,07/071988,***-**-4863,WA
528,Anna,Matthews,02/091991,***-**-4474,TN
31,Katie,Garcia,03/221983,***-**-8462,AK
43,Maria,Estrada,04/301990,***-**-8108,LA
169,Ashley,Smith,07/161983,***-**-8720,TX
204,Amy,Wright,10/151991,***-**-8641,CA
494,Heather,Scott,08/201982,***-**-0361,NH
233,John,Anderson,05/301973,***-**-6681,NY
638,John,Anderson,01/071983,***-**-7935,UT
57,Kimberly,Harris,10/011988,***-**-5459,IA
648,Christopher,Smith,11/231976,***-**-2521,WI
192,Daniel,Singh,12/251980,***-**-7521,VA
73,Miranda,Nguyen,08/121981,***-**-2585,ME
477,Gregory,Simpson,07/091990,***-**-9365,CO
411,Daniel,Brown,04/191984,***-**-6526,NM
630,Susan,Thompson,05/171985,***-**-6074,TN
600,Rick,Johns,07/301984,***-**-7121,NV
634,Sean,Calhoun,07/311978,***-**-2261,SD
296,Alan,Holden,11/061994,***-**-6916,PA
154,Robin,Silva,07/141987,***-**-0453,AK
527,Nicole,Conrad,06/021985,***-**-6985,SD
635,Deanna,Russell,07/291972,***-**-9236,MD
229,Joshua,Bailey,07/201986,***-**-4031,WV
389,Daniel,Patrick,10/151972,***-**-8777,GA
220,William,Smith,06/041990,***-**-0654,AR
454,Kristin,Grant,08/231980,***-**-9693,WV
488,Kimberly,Velasquez,01/101989,***-**-4229,GA
41,Michael,Dalton,03/081994,***-**-2101,WI
522,Jason,Shaw,11/011985,***-**-4765,KY
269,Jonathon,Olson,07/081985,***-**-7767,SC
35,Andrea,Perry,02/011986,***-**-8897,CO
10,Anthony,Nguyen,10/091986,***-**-8472,WI
397,Anthony,Christensen,05/131983,***-**-8703,OH
45,Paul,Murphy,07/181975,***-**-9454,NJ
210,Susan,Stewart,04/231989,***-**-2712,GA
197,Scott,Warren,06/241985,***-**-3723,OH
354,Jennifer,Avery,08/081987,***-**-5062,LA
552,Alexander,Vaughan,08/221988,***-**-8562,MI
414,Laura,Parker,12/051973,***-**-6879,CO
134,Derek,Harrington,09/151990,***-**-2836,AR
11,Daniel,Wells,08/271994,***-**-7268,CA
222,Kelly,Phillips,11/051987,***-**-1324,MI
442,Lauren,Bennett,06/051985,***-**-4874,IA
633,Aaron,Wolf,04/091978,***-**-1149,WY
361,Julia,Wright,09/041980,***-**-6702,CO
205,Cheryl,Dennis,06/161986,***-**-0712,TX
18,Donna,Lopez,02/221985,***-**-5711,DE
459,Matthew,Gibbs,06/121984,***-**-9698,ID
564,Nancy,Mitchell,02/021988,***-**-9365,GA
138,Ashley,Bullock,07/231983,***-**-5394,MS
356,Andrew,Moore,01/031982,***-**-5178,ID
479,Joseph,Martinez,10/051973,***-**-9409,NH
100,Yvette,Rodriguez,09/111985,***-**-8123,OR
451,Carrie,Barber,11/091977,***-**-3083,LA
432,Ashley,Sherman,10/011984,***-**-1501,NE
71,Craig,Garcia,08/181994,***-**-3695,PA
463,Jerome,Brown,07/101992,***-**-9456,MD
308,Kevin,Beck,03/291981,***-**-7304,TN
591,Travis,Hansen,07/281981,***-**-6746,DE
214,Rodney,Cook,12/151994,***-**-6232,RI
290,Theresa,Brown,02/201993,***-**-3478,MN
8,Wayne,Mercer,09/211989,***-**-7254,MA
182,Mary,Lee,04/121982,***-**-7361,OH
534,Matthew,Martin,07/121993,***-**-7803,ID
511,Lee,Weber,12/031988,***-**-9830,CA
32,James,Wilson,07/231977,***-**-7343,OR
289,Angela,Clark,04/201988,***-**-3392,MN
643,Allen,Flynn,07/251994,***-**-7573,NH
234,Darrell,Coleman,08/241992,***-**-4198,WI
618,Patrick,Wells,08/031979,***-**-3209,MS
246,Tyler,Beck,10/201986,***-**-1385,HI
546,Michelle,Jenkins,11/291977,***-**-8254,NE
455,Scott,Miller,09/271991,***-**-3580,WY
341,Maria,Mcmillan,09/071973,***-**-3730,TX
252,Amy,Waller,10/011980,***-**-8763,MA
351,Jacob,Thomas,03/311976,***-**-8896,MS
493,Amanda,Jones,07/311993,***-**-0691,MN
599,Edward,Padilla,10/091993,***-**-5222,PA
315,Debra,Best,02/201973,***-**-3320,ND
577,Gregory,Roberts,01/271986,***-**-4496,IN
415,Suzanne,Wheeler,05/191985,***-**-2982,WI
303,Ann,Lewis,01/141976,***-**-0619,MT
478,Michelle,Peterson,06/251984,***-**-2154,MA
313,Adam,Thomas,12/301982,***-**-1297,VA
4,Donna,Owens,09/261987,***-**-6696,AL
249,Pamela,Lyons,09/271972,***-**-3318,AR
649,Victor,Lopez,10/261987,***-**-3964,NV
565,Matthew,Miller,04/071979,***-**-3517,CO
513,Kevin,Foster,10/181985,***-**-5090,WI
516,Alyssa,Stokes,04/011973,***-**-2432,OH
545,Mark,Saunders,08/231973,***-**-2640,VT
38,Michael,Chapman,03/131977,***-**-6874,OR
309,Cole,Farrell,01/291993,***-**-7973,IN
578,Michael,Estrada,10/121994,***-**-2448,OH
178,Shaun,Martinez,12/111982,***-**-5793,NC
359,Victoria,Moon,01/061976,***-**-8604,AZ
278,Brian,Peters,05/071982,***-**-3701,HI
292,Jose,Gonzalez,06/011992,***-**-9797,MD
87,John,Paul,11/201973,***-**-7180,KY
286,Stephanie,Smith,04/261978,***-**-1286,NH
221,Lisa,Wilson,11/091993,***-**-6950,AZ
524,Cody,Duran,01/151973,***-**-6706,NM
453,Ann,Johnson,06/011981,***-**-9046,NE
468,Paula,Hernandez,10/121975,***-**-2951,CA
444,Patrick,Barber,07/211991,***-**-9891,NY
350,Dennis,Alvarado,11/271973,***-**-4378,MT
462,David,Peterson,06/271973,***-**-7312,LA
66,Tina,Williams,11/041987,***-**-7775,OR
495,Bridget,Koch,02/231973,***-**-9714,WY
586,Adrian,Hernandez,09/081993,***-**-5101,NE
457,Andrea,Potter,12/261983,***-**-6384,NH
392,David,Williams,07/071990,***-**-6350,MA
202,Katherine,Wright,05/101987,***-**-3109,AR
467,Kevin,Taylor,04/191979,***-**-2293,NH
627,Latoya,Mitchell,03/151991,***-**-3607,ME
367,Tricia,Smith,01/241992,***-**-7866,CA
244,David,Miles,11/261993,***-**-2657,MI
620,Gina,Hoffman,03/201990,***-**-4213,UT
642,Tamara,Whitney,09/211975,***-**-9208,MO
427,John,Garcia,04/141987,***-**-3993,TX
539,Craig,Nunez,06/131972,***-**-6566,DE
98,Desiree,Ross,07/071981,***-**-2608,MS
324,Samantha,Ramirez,08/111981,***-**-7086,MD
589,David,Patton,11/191978,***-**-9705,PA
339,Caroline,Lopez,08/091981,***-**-1325,OK
645,Karen,Malone,09/031985,***-**-5442,CO
355,Daniel,Wright,12/311989,***-**-3803,FL
541,Brent,Miller,01/141978,***-**-9692,HI
360,Mitchell,Meyer,08/311991,***-**-7666,RI
39,Annette,Flores,04/191977,***-**-3196,NE
305,Wendy,Hendrix,08/191983,***-**-6634,WY
474,Alexis,Cross,08/111983,***-**-3694,MN
571,Jeffrey,Jones,06/271981,***-**-1822,SD
372,Jessica,Walsh,06/011976,***-**-2907,RI
559,Sherry,Henderson,02/151991,***-**-3768,FL
521,Jennifer,Johnson,02/171978,***-**-3102,OK
583,Scott,Ellison,03/311977,***-**-8653,NH
329,Denise,Baldwin,04/061992,***-**-7350,AL
201,Rebecca,James,12/041980,***-**-1514,MA
276,Sean,Gonzales,08/111981,***-**-8838,MO
592,Mary,Chavez,04/271990,***-**-2834,PA
124,Ralph,Martinez,02/261980,***-**-4024,WA
133,Thomas,Stone,03/291973,***-**-8227,DE
314,Christopher,Anderson,07/011974,***-**-1835,NC
562,Allison,Garcia,02/081983,***-**-0105,LA
125,Charles,Hall,09/151982,***-**-7617,PA
625,Lawrence,Roach,04/031991,***-**-2080,KY
312,Christopher,Dougherty,03/291978,***-**-0986,AL
90,William,Small,08/051990,***-**-0642,CO
236,Samuel,May,03/301988,***-**-0970,NJ
601,Brian,Lopez,02/131990,***-**-7558,DE
326,Amanda,Clark,07/231991,***-**-5043,MN
264,Cody,Taylor,11/131978,***-**-3700,SD
248,Sherry,Love,03/241975,***-**-8685,OR
485,Christine,Stone,11/071978,***-**-6503,KS
54,Kristy,Diaz,03/261988,***-**-1032,IA
2,Amy,Long,07/191982,***-**-7292,FL
298,Haley,Myers,03/201985,***-**-0757,MD
99,Michael,Holden,07/231975,***-**-7951,IN
186,Kelly,Ferrell,01/211982,***-**-2299,NH
593,Rachel,Valdez,05/211985,***-**-0852,UT
557,Kristine,Roberson,03/181981,***-**-0956,MN
375,Vincent,Watson,12/151974,***-**-8997,RI
460,Elizabeth,Bailey,07/151979,***-**-7230,MI
496,Mark,Mcmillan,07/081976,***-**-2503,MI
487,Sheri,Long,06/061978,***-**-5166,OH
469,Daniel,Mccall,07/121987,***-**-5314,NE
340,Dawn,Malone,04/191979,***-**-2070,TN
363,Evan,Romero,08/251994,***-**-3334,NM
108,Paul,Adams,04/191992,***-**-5765,WV
357,Tracy,Holt,10/201988,***-**-1413,AK
293,Charles,Wheeler,02/111972,***-**-5781,CA
604,Ashley,Harris,08/091993,***-**-7070,IL
7,Roberto,Schmidt,02/071994,***-**-1763,AL
94,Margaret,Barton,10/101975,***-**-0973,ID
227,Michelle,Diaz,09/251993,***-**-4889,ID
486,Mike,Duncan,12/151988,***-**-8115,MD
613,Alexandra,Thomas,01/121994,***-**-6760,SD
603,Mark,Murillo,09/221976,***-**-9915,MI
332,Carol,Dyer,03/121989,***-**-5545,HI
587,Daniel,Williams,11/171989,***-**-9146,NH
602,Sandra,Suarez,09/201980,***-**-9548,GA
398,Sarah,Hamilton,07/201976,***-**-3104,ND
148,Sydney,Floyd,03/311981,***-**-0722,CT
223,Jonathan,Hall,07/011978,***-**-6672,NE
574,Jennifer,Kim,10/031976,***-**-9504,MN
588,Kenneth,Sanchez,10/301980,***-**-8921,CA
157,Joseph,Carroll,05/091975,***-**-5984,ND
175,Jennifer,Arnold,10/181976,***-**-4368,AL
473,David,Le,08/311976,***-**-5444,MI
29,Jeffrey,Clark,06/281978,***-**-0316,MO
334,Jeffery,Reed,07/191985,***-**-6338,NJ
465,Laura,Kim,07/261974,***-**-3606,PA
92,Derek,Obrien,06/291990,***-**-6123,NH
470,Brooke,Bishop,12/181980,***-**-4107,CA
128,Peter,Miles,10/261976,***-**-3367,WA
77,Alex,Owen,10/071987,***-**-9252,AL
530,Michael,Fowler,08/281990,***-**-3995,TN
270,Katherine,Rose,01/191976,***-**-0446,MN
251,Daniel,Waller,04/231974,***-**-0011,KY
277,Ronald,Johnson,09/191973,***-**-8871,DE
346,Austin,Gutierrez,06/251979,***-**-0203,VT
238,Brandon,Chang,05/141984,***-**-6687,AL
143,Alexander,Murphy,05/051984,***-**-0664,UT
461,Stephanie,Mendoza,03/221977,***-**-8308,VT
5,Gregory,Moore,02/101982,***-**-6226,MA
117,Jonathan,Mendoza,12/301989,***-**-0262,MD
396,Michelle,Phillips,09/171988,***-**-2345,OK
517,Justin,Morgan,03/171976,***-**-5133,MI
228,Michael,Hubbard,09/091978,***-**-8972,CT
576,Travis,Little,05/141992,***-**-6995,WY
482,Susan,Kennedy,12/191988,***-**-4558,ME
611,Emily,Mcgrath,11/101973,***-**-7640,CO
288,Sandra,Griffin,11/131988,***-**-6533,NV
322,Jessica,Sullivan,01/071990,***-**-2665,WY
93,Timothy,Mendoza,06/091980,***-**-2367,NM
631,Amanda,Pearson,08/151979,***-**-9832,TN
95,Jeffery,Burnett,07/281984,***-**-4493,KS
225,Brian,Williams,01/121986,***-**-5701,MT
386,Randy,Dorsey,05/091974,***-**-0360,MO
272,Duane,Williams,10/141973,***-**-8818,NV
614,Colleen,Beasley,08/121977,***-**-3286,MA
262,Brian,Jackson,12/211985,***-**-9597,PA
110,Cynthia,Price,10/151991,***-**-6184,SD
501,Donald,Carter,07/161983,***-**-5922,HI
65,Lisa,Schmitt,04/231976,***-**-5980,TN
458,Dustin,Nichols,06/071977,***-**-9015,NE
224,Jay,Brown,04/241980,***-**-8736,TX
160,Beth,Lynch,02/131984,***-**-0814,AK
259,Mary,Mitchell,01/201982,***-**-3602,TX
547,Joshua,Rush,08/051986,***-**-2710,GA
358,Jillian,David,04/111973,***-**-4462,HI
652,Anthony,Delgado,09/191994,***-**-7837,FL
49,Meghan,Wilson,05/181988,***-**-4722,HI
437,Andrea,Montgomery,12/031991,***-**-6315,OH
536,Megan,Gray,10/121972,***-**-4006,NY
636,Sarah,Brooks,06/271991,***-**-6948,AR
330,Kaylee,Clark,05/291992,***-**-0753,WI
538,Joseph,Martin,04/131992,***-**-5396,AR
168,Donna,Rose,04/201989,***-**-1960,TN
480,Brandi,Sawyer,07/131979,***-**-9334,RI
543,James,Torres,01/191986,***-**-5026,DE
506,Jonathan,Malone,04/141984,***-**-9942,MN
80,Christine,Williams,08/151974,***-**-1974,MN
342,Christopher,Young,12/021988,***-**-1343,NE
364,David,Turner,02/131973,***-**-7108,IL
64,Gregory,Estes,10/041989,***-**-9235,KS
156,Shannon,Vaughn,12/271992,***-**-2444,AR
285,James,Mclaughlin,01/211981,***-**-1088,NC
79,Michael,Brown,01/131986,***-**-9682,OH
170,Jennifer,Crawford,07/211986,***-**-5861,FL
561,Michelle,Carr,06/221978,***-**-2759,CT
617,Andrew,Love,05/271991,***-**-9696,OH
515,Anna,Bennett,06/201977,***-**-6909,TN
644,William,Watts,10/121989,***-**-6883,MN
450,Cynthia,Williams,12/231978,***-**-5994,NY
216,Bruce,Miles,01/211982,***-**-0969,IA
88,Amanda,Wilson,05/231972,***-**-0767,NE
130,Joshua,Riley,11/081983,***-**-4874,IN
408,Carla,Torres,02/231987,***-**-7599,CT
105,Mark,Green,06/141977,***-**-6893,AZ
580,Stephanie,Goodwin,02/251986,***-**-5702,NC
388,Cameron,Allen,01/021986,***-**-8341,ID
316,Harold,Li,05/111983,***-**-2966,GA
196,Sara,Curry,06/051984,***-**-1678,ID
366,Caroline,Wyatt,11/121979,***-**-7063,NY
331,Nicole,Perez,09/281982,***-**-1455,MT
63,Jacqueline,Garcia,01/311991,***-**-8953,NC
651,Alexander,Wright,04/181979,***-**-7263,MN
497,Heather,Farrell,01/111978,***-**-0338,MA
14,Joseph,Fernandez,06/011978,***-**-4971,IL
52,Timothy,Chandler,03/261978,***-**-3897,NM
456,Gregory,Jackson,06/061973,***-**-0058,WY
412,Thomas,Patterson,05/061977,***-**-4561,VA
283,Timothy,Suarez,01/121977,***-**-3073,WI
174,Jennifer,Jensen,03/091991,***-**-4293,GA
509,Andrew,Hogan,06/081990,***-**-5943,ND
254,Dale,Hartman,10/011993,***-**-9502,ME
531,Jennifer,Williams,02/271977,***-**-9054,OK
104,Antonio,Perez,02/091980,***-**-4115,NC
549,Joshua,Hicks,01/071985,***-**-4786,KS
183,Edward,Thompson,08/311994,***-**-8605,OH
612,Lee,Zamora,03/171979,***-**-3321,UT
492,Wyatt,Rivers,02/071984,***-**-5135,KY
27,Michelle,Reeves,11/231972,***-**-1066,PA
287,Joanna,Hopkins,04/171973,***-**-2714,MA
584,Joseph,Mitchell,05/181980,***-**-7441,VA
624,Ariel,Ray,09/111972,***-**-2732,OR
53,Shawn,Murray,10/301990,***-**-5217,MS
206,Jose,Spears,03/011976,***-**-2675,NH
211,Caroline,Mayer,05/031973,***-**-2487,WY
646,David,Weaver,08/111976,***-**-2750,ME
336,Kelly,Sullivan,04/121988,***-**-7284,NV
555,Kyle,Ramirez,05/301984,***-**-2839,WA
560,Carrie,Davis,06/201984,***-**-6558,WA
203,Catherine,Martinez,04/281990,***-**-6917,NM
217,Amanda,Lewis,12/051988,***-**-0504,MT
371,Katherine,Bailey,03/041994,***-**-3545,WV
605,Rodney,Smith,05/081975,***-**-3105,NH
337,Savannah,Saunders,05/121984,***-**-2473,IA
381,Claudia,Oneal,04/011987,***-**-9008,TX
508,Roy,Johnson,03/301984,***-**-6344,AK
58,Michelle,Smith,07/081982,***-**-6834,NV
401,Amanda,Haney,04/111983,***-**-9019,IA
163,Theresa,Fletcher,10/221992,***-**-0535,VA
548,Debra,Green,07/201988,***-**-5376,SC
161,John,Cox,12/111985,***-**-7739,OH
464,Beth,Harris,12/221982,***-**-5871,RI
476,Erica,Mcconnell,07/011981,***-**-0878,MA
208,Kimberly,Johnson,01/221992,***-**-4304,PA
378,Kyle,Aguirre,10/241973,***-**-4469,NE
654,Nicole,English,04/301977,***-**-9164,HI
585,Bonnie,Turner,04/011973,***-**-0208,MD
621,Maurice,Gillespie,09/071984,***-**-8509,GA
300,Corey,Adams,10/081988,***-**-2578,OR
640,Brett,Nelson,06/201986,***-**-3049,MD
297,Melody,Nelson,01/231979,***-**-1931,VA
209,James,Young,04/121980,***-**-8557,ME
320,Robert,Smith,04/141994,***-**-0748,MS
242,Caroline,Larson,05/051990,***-**-7178,LA
258,Megan,Robinson,03/241973,***-**-1601,WV
570,Shawn,Edwards,01/191978,***-**-4865,LA
417,David,Evans,09/151977,***-**-6773,WA
281,Julie,Price,01/201993,***-**-3599,PA
436,Briana,Webster,02/081978,***-**-3704,PA
441,Robin,Oconnor,02/271978,***-**-0782,NH
425,Albert,Davidson,01/201975,***-**-9182,CA
553,Mark,Chen,04/021989,***-**-3553,WY
266,Elizabeth,Lynn,02/251992,***-**-8647,MA
40,Tracy,Gonzalez,11/011983,***-**-4059,WY
609,Patricia,Fletcher,06/301979,***-**-2311,RI
471,Tammy,Salinas,12/291980,***-**-3850,NC
307,Roger,Wright,03/041974,***-**-3080,MO
353,Kelly,Castillo,04/131992,***-**-7622,WA
393,Charles,Kelley,04/141993,***-**-1133,OK
607,David,Johnson,06/231985,***-**-9729,DE
483,David,Cervantes,01/081983,***-**-0082,WA
370,Valerie,Lopez,04/101983,***-**-0441,AL
273,Sarah,Hayes,11/201984,***-**-8195,CT
141,Christina,Arnold,10/201979,***-**-2313,NY
338,Cynthia,Bennett,11/261973,***-**-7899,MD
15,Michelle,Huang,04/091983,***-**-8363,UT
120,Amanda,Dodson,03/041973,***-**-6056,KS
75,Jeff,Hawkins,08/101992,***-**-5606,IL
115,Patrick,Taylor,07/291991,***-**-5595,MO
629,Elizabeth,Howard,11/051984,***-**-2641,AZ
299,Noah,White,04/301977,***-**-0897,SC
498,Caroline,Jackson,12/291983,***-**-4102,DE
445,Andrea,Wright,06/151978,***-**-8386,OH
582,Sara,Smith,01/021983,***-**-9188,TN
245,Jennifer,Rodriguez,04/231974,***-**-2538,NM
129,Deanna,Terrell,02/051990,***-**-5743,OK
544,Kristina,Summers,02/171989,***-**-3058,OR
377,Laura,Mercado,04/051974,***-**-9514,MI
155,Matthew,Kane,11/171990,***-**-9385,PA
440,Tamara,White,05/201980,***-**-6614,FL
550,Samantha,Thompson,06/041976,***-**-9230,NY
47,John,Mcmillan,03/021983,***-**-7301,NV
89,Andrea,Webb,12/111985,***-**-7815,VA
145,Lori,Odonnell,10/221989,***-**-2415,KS
554,Ronald,Huerta,12/131973,***-**-6058,OK
523,Chelsea,Foster,03/261974,***-**-4094,AK
499,Daniel,Lopez,09/071989,***-**-2639,AR
37,Jonathan,Jones,01/131977,***-**-7798,MN
384,Jessica,Gaines,04/231981,***-**-9332,CO
514,Timothy,Morris,06/161981,***-**-2962,WY
260,Donna,Campbell,07/141993,***-**-2369,NV
239,Tonya,Martinez,09/041972,***-**-7702,IA
420,Pamela,Moore,02/201980,***-**-9532,NJ
380,Michelle,Ali,05/051993,***-**-3823,KS
387,Alexander,Gibson,10/271983,***-**-1036,CO
207,Jay,Smith,03/061985,***-**-6315,CT
318,Teresa,Watkins,07/271972,***-**-5707,NY
16,Bradley,Guzman,05/081980,***-**-2817,WY
61,Rhonda,Young,06/031979,***-**-2336,NE
280,Brandon,Davis,07/221977,***-**-1621,AZ
13,Brandon,Farmer,08/101980,***-**-2601,TX
563,Barbara,Murphy,10/301989,***-**-9225,AR
569,James,King,04/211978,***-**-1432,AK
575,Drew,Kelly,03/251993,***-**-3264,WA
319,Virginia,Wise,02/181982,***-**-8887,OR
122,Mary,Hernandez,01/291990,***-**-5268,NY
520,Ryan,Russell,01/061975,***-**-3828,HI
489,Amanda,Smith,08/051989,***-**-3579,DE
136,Morgan,Dunn,07/131980,***-**-1601,AZ
142,Kimberly,Shaw,06/111973,***-**-7577,MA
250,Kathleen,Klein,01/151990,***-**-3388,NM
383,Diana,Meyers,09/131972,***-**-4296,TN
650,Logan,Smith,03/261990,***-**-0194,MN
231,Tracy,Martin,05/031975,***-**-0726,AK
431,Edwin,Martin,02/131988,***-**-9168,MO
306,Kelly,Moran,07/141976,***-**-0670,NV
151,Robert,Smith,01/121987,***-**-2300,ID
519,Jane,Martinez,01/301991,***-**-3977,AZ
172,Denise,Castillo,10/101983,***-**-0042,LA
121,Jonathon,Brock,04/301980,***-**-9917,CO
140,Amanda,Franco,09/241994,***-**-5413,AK
48,Heather,Robinson,11/201985,***-**-1929,MN
282,Kathryn,Stout,08/241987,***-**-9637,IA
42,Cory,Hopkins,03/131977,***-**-9491,AK
247,Ryan,Snyder,07/141982,***-**-9330,MA
59,Sara,Walker,08/161985,***-**-5423,NE
137,Daniel,Garcia,04/211979,***-**-3001,WI
257,Paul,Evans,06/251977,***-**-4302,MN
343,Elizabeth,Olson,01/221976,***-**-7163,MA
195,Ann,Romero,10/271989,***-**-4046,DE
268,Thomas,Jensen,02/231991,***-**-3430,OH
558,Brian,Davila,07/051982,***-**-3711,DE
70,Donna,Howard,03/311990,***-**-7432,MS
28,Kimberly,Massey,01/011981,***-**-4649,MO
132,Jeremy,Cross,11/221987,***-**-4632,HI
335,Dennis,Thomas,06/111989,***-**-5032,IN
349,Kenneth,Martin,08/241989,***-**-4681,MI
510,Tyler,Brewer,06/281972,***-**-9006,HI
36,Scott,Brooks,02/241972,***-**-4958,NY
430,Derrick,Fritz,12/051982,***-**-0071,IA
376,Christine,Munoz,11/171974,***-**-0149,MO
226,Julie,Robbins,11/231976,***-**-4571,IN
240,Rachel,Cook,03/031982,***-**-9042,NM
291,Kyle,Hoffman,12/251984,***-**-7692,MT
619,Nancy,Nguyen,07/051976,***-**-3939,VA
424,John,Wells,05/251993,***-**-3026,NH
212,Robert,Ellison,07/161979,***-**-9579,NE
263,Keith,Robinson,04/151978,***-**-3579,NC
443,Dennis,Osborn,11/151973,***-**-3531,MA
26,Ronald,Hays,12/211993,***-**-6430,TX
491,Leslie,Brown,06/151973,***-**-1806,NJ
114,Maria,Chapman,12/201973,***-**-7300,OK
434,Melissa,Torres,03/221981,***-**-6921,NM
615,Joshua,Weaver,11/201982,***-**-7030,IA
525,Crystal,Martin,08/291993,***-**-0679,ME
44,Sheri,Ball,08/041991,***-**-7548,AZ
475,Steven,Ritter,02/111986,***-**-8004,OH
529,Linda,Krause,12/221978,***-**-4382,SD
83,John,Myers,07/251989,***-**-1869,NJ
275,Mark,White,09/091992,***-**-7830,ID
190,Diana,Smith,12/021973,***-**-3506,IL
423,Karen,Lyons,06/091990,***-**-9081,OK
581,Laura,Glenn,10/201992,***-**-1468,TX
177,Diana,Spence,09/201983,***-**-4751,MA
573,Samantha,Farley,07/101977,***-**-2351,WA
46,Kayla,Mitchell,10/131975,***-**-9155,WI
17,Crystal,Myers,12/311980,***-**-6532,OH
101,Brooke,Jones,04/091979,***-**-2606,TN
261,John,Mueller,03/221987,***-**-7849,MD
435,Karla,Rosales,07/101983,***-**-1729,IL
448,Jennifer,Brown,08/231977,***-**-0700,MA
597,Blake,Jimenez,09/101977,***-**-3810,KS
628,Michael,Garcia,11/051980,***-**-4294,IL
610,Jermaine,Quinn,12/241989,***-**-1754,CA
113,Patricia,Cruz,04/221976,***-**-3822,IN
235,Cameron,Mcintosh,02/011975,***-**-8921,NV
21,Michelle,Brewer,06/101988,***-**-6836,OK
362,Hannah,Nolan,09/151978,***-**-1332,OK
368,Erica,Johnson,05/271978,***-**-9413,LA
323,Jeremy,Obrien,01/131982,***-**-7592,OR
